"Timestamp","Username","1. Name","2. Age group","3. Highest Educational Qualification","4. Gender","5. Country","6. Present Occupation","What is the your opinion?"
"2020/01/07 5:48:39 PM GMT+9","nyj6667@unist.ac.kr","noh-yujeong","27","Bachelor","Female","Republic of Korea","University undergraduate student","(50,15),(85,15),(30,70)"
"2020/01/07 6:00:53 PM GMT+9","jake0410@naver.com","김우진","21","high school graduation","Male","Korea","University undergraduate student","(55,40) (35,20),(85,60)"
"2020/01/07 6:15:36 PM GMT+9","kkjj0612@unist.ac.kr","김주현(Juhyun Kim)","21","high school graduation","Male","Republic of Korea","University undergraduate student","(65,25), (70,15), (55,15)"
"2020/01/07 6:38:48 PM GMT+9","kkgreenbean@unist.ac.kr","권기완","19","high school graduation","Male","ROK","University undergraduate student","10,65"
"2020/01/07 7:08:58 PM GMT+9","belllight@unist.ac.kr","이종엽","24","Bachelor","Male","대한민국","University graduate student","{(30, 40), (60, 10), (55, 40)}"
"2020/01/07 7:12:07 PM GMT+9","hyepyrin@gmail.com","Hyerin Park","21","high school graduation","Female","Republic of Korea","University undergraduate student","{(85, 20), (55, 20), (40, 15)}"
"2020/01/07 7:17:28 PM GMT+9","csh970505@naver.com","최성훈","21","high school graduation","Male","Republic of Korea","University undergraduate student","😁😁😁"
"2020/01/07 8:14:08 PM GMT+9","lej1229@unist.ac.kr","이은지","22","high school graduation","Female","Republic of Korea","University undergraduate student","(90,60), (55,15), (65,15)"
"2020/01/07 10:03:33 PM GMT+9","chj0517@unist.ac.kr","최효재","22","high school graduation","Female","Republic of Korea","University undergraduate student","{(55, 40), (40, 25), (90, 60)}"
"2020/01/08 12:33:29 PM GMT+9","hee970813@unist.ac.kr","김희","22","high school graduation","Female","ROK","University undergraduate student","(80,50),(55,15),(85,65)"
"2020/01/08 1:44:07 PM GMT+9","dayun.han@outlook.kr","한다연","23","high school graduation","Female","Republic of Korea","University undergraduate student","(90,20) (55,40) (35,25)"
"2020/01/10 8:50:50 AM GMT+9","ekduddl07@unist.ac.kr","Kang Dayeong","25","high school graduation","Female","Republic of Korea","University undergraduate student","(60,15)"
"2020/01/10 10:32:22 AM GMT+9","young@unist.ac.kr","Youngbin Lee","22","high school graduation","Male","Republic of Korea","University undergraduate student","(33,15) (20,40) (30,70) "
"2020/01/10 10:59:12 AM GMT+9","choil6043@unist.ac.kr","Jaegyeong Choi","23","Bachelor","Female","Republic of Korea","researcher","(60, 40), (85,60), (40,15)"
"2020/01/10 11:23:25 AM GMT+9","shinjk1156@unist.ac.kr","Jongkyung shin","22","high school graduation","Male","Republic of korea","University undergraduate student","{(40,20),(35,40),(80,40)}"
"2020/01/10 11:39:30 AM GMT+9","cyon13022@naver.com","김선준","27","Bachelor","Male","Republic of Korea","University graduate student","{(75,35) , (35,20), (65,25)}"
"2020/01/10 3:20:21 PM GMT+9","ncrsnrwn@unist.ac.kr","박아름","22","high school graduation","Female","Republic of Korea","University undergraduate student","(30, 30), (45, 20), (75, 40)"
"2020/01/11 5:25:04 PM GMT+9","yeon17@unist.ac.kr","김연수","21","high school graduation","Female","korea","University undergraduate student","{(45, 20) (90,65) (65, 30)}"
"2020/01/12 2:17:00 PM GMT+9","lim14@unist.ac.kr","임다은","22","high school graduation","Female","ROK","University undergraduate student","(55,40) (40,20) (85,60)"
"2020/01/12 2:43:52 PM GMT+9","kooyj4223@unist.ac.kr","구연정","23","high school graduation","Female","RoK","University undergraduate student","(75,40)"
"2020/01/12 3:15:13 PM GMT+9","jymin1999@unist.ac.kr","민지영","21","high school graduation","Female","Republic of Korea","University undergraduate student","{(30,30),(72,35),(84,63)}"
"2020/01/12 3:34:21 PM GMT+9","sky0330@naver.com","공찬우","26","Bachelor","Male","Republic of Korea","researcher","{(40,25), (55,20), (65,30)}"
"2020/01/12 4:29:35 PM GMT+9","jhe1021503-@naver.com","조하은","22","high school graduation","Female","Korea","University undergraduate student","{(60,40),(70,50),(40,35)}"
"2020/01/12 6:17:15 PM GMT+9","qkdalgus2@unist.ac.kr","Mihyun bang","22","high school graduation","Female","Republic of Korea","University undergraduate student","(25,45), (75,40), (45,20)"
"2020/01/16 1:40:55 PM GMT+9","ncrsnrwn@unist.ac.kr","Park Ahreum","22","high school graduation","Female","Republic of Korea","University undergraduate student","(70, 50), (40, 15), (10, 60)"
"2020/01/16 3:07:40 PM GMT+9","hee970813@unist.ac.kr","김희","22","high school graduation","Female","ROK","University undergraduate student","(55,15),(85,20),(70,40)"
"2020/01/16 7:02:32 PM GMT+9","jhe1021503-@naver.com","조하은","21","high school graduation","Female","KOREA","University undergraduate student","{(70,50),(40,25),(15,30)}"
"2020/01/16 7:03:01 PM GMT+9","jhe1021503-@naver.com","조하은","21","high school graduation","Female","KOREA","University undergraduate student","{(70,50),(40,25),(15,30)}"
"2020/01/16 8:02:12 PM GMT+9","kkjj0612@unist.ac.kr","김주현","21","high school graduation","Male","Republic of Korea","University undergraduate student","(55,15), (35,25), (65,25)"
"2020/01/17 8:29:26 AM GMT+9","sky0330@naver.com","Kong Chanwoo","26","Bachelor","Male","Republic of Korea","researcher","((60, 40), (75, 55), (40, 20))"
"2020/01/17 12:35:14 PM GMT+9","cyon13022@unist.ac.kr","Kim Sun Jun","27","Bachelor","Male","Korea","University graduate student","{(70,10), (10, 35), (65,50)}"
"2020/01/17 12:55:39 PM GMT+9","hyepyrin@gmail.com","Hyerin Park","21","high school graduation","Female","Republic of Korea","University undergraduate student","{(40,15), (65,30), (85,60)}"
"2020/01/17 6:00:37 PM GMT+9","lej1229@unist.ac.kr","이은지","22","high school graduation","Female","Republic of Korea","University undergraduate student","{(55,15), (75,15), (90,65)}"